[
  {
    "inputs": [
      { "internalType": "contract IBEP20", "name": "_stakingToken", "type": "address" },
      { "internalType": "address payable", "name": "wallet", "type": "address" },
      { "internalType": "uint256", "name": "startDate", "type": "uint256" }
    ],
    "payable": false,
    "stateMutability": "nonpayable",
    "type": "constructor"
  },
  {
    "anonymous": false,
    "inputs": [
      { "indexed": true, "internalType": "address", "name": "user", "type": "address" },
      { "indexed": false, "internalType": "uint256", "name": "totalAmount", "type": "uint256" }
    ],
    "name": "FeePayed",
    "type": "event"
  },
  {
    "anonymous": false,
    "inputs": [
      { "indexed": true, "internalType": "address", "name": "user", "type": "address" },
      { "indexed": false, "internalType": "uint8", "name": "plan", "type": "uint8" },
      { "indexed": false, "internalType": "uint256", "name": "percent", "type": "uint256" },
      { "indexed": false, "internalType": "uint256", "name": "amount", "type": "uint256" },
      { "indexed": false, "internalType": "uint256", "name": "start", "type": "uint256" },
      { "indexed": false, "internalType": "uint256", "name": "finish", "type": "uint256" },
      { "indexed": false, "internalType": "uint256", "name": "fee", "type": "uint256" }
    ],
    "name": "NewDeposit",
    "type": "event"
  },
  {
    "anonymous": false,
    "inputs": [
      { "indexed": false, "internalType": "address", "name": "user", "type": "address" },
      { "indexed": false, "internalType": "address", "name": "referrer", "type": "address" }
    ],
    "name": "Newbie",
    "type": "event"
  },
  {
    "anonymous": false,
    "inputs": [
      { "indexed": true, "internalType": "address", "name": "referrer", "type": "address" },
      { "indexed": true, "internalType": "address", "name": "referral", "type": "address" },
      { "indexed": true, "internalType": "uint256", "name": "level", "type": "uint256" },
      { "indexed": false, "internalType": "uint256", "name": "amount", "type": "uint256" }
    ],
    "name": "RefBonus",
    "type": "event"
  },
  {
    "anonymous": false,
    "inputs": [
      { "indexed": true, "internalType": "address", "name": "user", "type": "address" },
      { "indexed": false, "internalType": "uint256", "name": "start", "type": "uint256" },
      { "indexed": false, "internalType": "uint256", "name": "amount", "type": "uint256" }
    ],
    "name": "UnStake",
    "type": "event"
  },
  {
    "anonymous": false,
    "inputs": [
      { "indexed": true, "internalType": "address", "name": "user", "type": "address" },
      { "indexed": false, "internalType": "uint256", "name": "amount", "type": "uint256" }
    ],
    "name": "Withdrawn",
    "type": "event"
  },
  {
    "constant": true,
    "inputs": [],
    "name": "INVEST_MIN_AMOUNT",
    "outputs": [{ "internalType": "uint256", "name": "", "type": "uint256" }],
    "payable": false,
    "stateMutability": "view",
    "type": "function"
  },
  {
    "constant": true,
    "inputs": [],
    "name": "PERCENTS_DIVIDER",
    "outputs": [{ "internalType": "uint256", "name": "", "type": "uint256" }],
    "payable": false,
    "stateMutability": "view",
    "type": "function"
  },
  {
    "constant": true,
    "inputs": [],
    "name": "PROJECT_FEE",
    "outputs": [{ "internalType": "uint256", "name": "", "type": "uint256" }],
    "payable": false,
    "stateMutability": "view",
    "type": "function"
  },
  {
    "constant": true,
    "inputs": [{ "internalType": "uint256", "name": "", "type": "uint256" }],
    "name": "REFERRAL_PERCENTS",
    "outputs": [{ "internalType": "uint256", "name": "", "type": "uint256" }],
    "payable": false,
    "stateMutability": "view",
    "type": "function"
  },
  {
    "constant": true,
    "inputs": [],
    "name": "TIME_STEP",
    "outputs": [{ "internalType": "uint256", "name": "", "type": "uint256" }],
    "payable": false,
    "stateMutability": "view",
    "type": "function"
  },
  {
    "constant": true,
    "inputs": [{ "internalType": "address", "name": "", "type": "address" }],
    "name": "admins",
    "outputs": [{ "internalType": "bool", "name": "", "type": "bool" }],
    "payable": false,
    "stateMutability": "view",
    "type": "function"
  },
  {
    "constant": true,
    "inputs": [],
    "name": "commissionWallet",
    "outputs": [{ "internalType": "address payable", "name": "", "type": "address" }],
    "payable": false,
    "stateMutability": "view",
    "type": "function"
  },
  {
    "constant": true,
    "inputs": [],
    "name": "getContractBalance",
    "outputs": [{ "internalType": "uint256", "name": "", "type": "uint256" }],
    "payable": false,
    "stateMutability": "view",
    "type": "function"
  },
  {
    "constant": true,
    "inputs": [{ "internalType": "uint8", "name": "plan", "type": "uint8" }],
    "name": "getPercent",
    "outputs": [{ "internalType": "uint256", "name": "", "type": "uint256" }],
    "payable": false,
    "stateMutability": "view",
    "type": "function"
  },
  {
    "constant": true,
    "inputs": [{ "internalType": "uint8", "name": "plan", "type": "uint8" }],
    "name": "getPlanInfo",
    "outputs": [
      { "internalType": "uint256", "name": "time", "type": "uint256" },
      { "internalType": "uint256", "name": "percent", "type": "uint256" }
    ],
    "payable": false,
    "stateMutability": "view",
    "type": "function"
  },
  {
    "constant": true,
    "inputs": [{ "internalType": "uint8", "name": "plan", "type": "uint8" }],
    "name": "getResult",
    "outputs": [
      { "internalType": "uint256", "name": "percent", "type": "uint256" },
      { "internalType": "uint256", "name": "finish", "type": "uint256" }
    ],
    "payable": false,
    "stateMutability": "view",
    "type": "function"
  },
  {
    "constant": true,
    "inputs": [{ "internalType": "address", "name": "userAddress", "type": "address" }],
    "name": "getUserAmountOfDeposits",
    "outputs": [{ "internalType": "uint256", "name": "", "type": "uint256" }],
    "payable": false,
    "stateMutability": "view",
    "type": "function"
  },
  {
    "constant": true,
    "inputs": [{ "internalType": "address", "name": "userAddress", "type": "address" }],
    "name": "getUserAvailable",
    "outputs": [{ "internalType": "uint256", "name": "", "type": "uint256" }],
    "payable": false,
    "stateMutability": "view",
    "type": "function"
  },
  {
    "constant": true,
    "inputs": [{ "internalType": "address", "name": "userAddress", "type": "address" }],
    "name": "getUserCheckpoint",
    "outputs": [{ "internalType": "uint256", "name": "", "type": "uint256" }],
    "payable": false,
    "stateMutability": "view",
    "type": "function"
  },
  {
    "constant": true,
    "inputs": [
      { "internalType": "address", "name": "userAddress", "type": "address" },
      { "internalType": "uint256", "name": "index", "type": "uint256" }
    ],
    "name": "getUserDepositInfo",
    "outputs": [
      { "internalType": "uint8", "name": "plan", "type": "uint8" },
      { "internalType": "uint256", "name": "percent", "type": "uint256" },
      { "internalType": "uint256", "name": "amount", "type": "uint256" },
      { "internalType": "uint256", "name": "start", "type": "uint256" },
      { "internalType": "uint256", "name": "finish", "type": "uint256" },
      { "internalType": "bool", "name": "isUnStake", "type": "bool" }
    ],
    "payable": false,
    "stateMutability": "view",
    "type": "function"
  },
  {
    "constant": true,
    "inputs": [{ "internalType": "address", "name": "userAddress", "type": "address" }],
    "name": "getUserDividends",
    "outputs": [{ "internalType": "uint256", "name": "", "type": "uint256" }],
    "payable": false,
    "stateMutability": "view",
    "type": "function"
  },
  {
    "constant": true,
    "inputs": [{ "internalType": "address", "name": "userAddress", "type": "address" }],
    "name": "getUserDownlineCount",
    "outputs": [
      { "internalType": "uint256", "name": "", "type": "uint256" },
      { "internalType": "uint256", "name": "", "type": "uint256" },
      { "internalType": "uint256", "name": "", "type": "uint256" }
    ],
    "payable": false,
    "stateMutability": "view",
    "type": "function"
  },
  {
    "constant": true,
    "inputs": [{ "internalType": "address", "name": "userAddress", "type": "address" }],
    "name": "getUserDownlineRefBonus",
    "outputs": [
      { "internalType": "uint256", "name": "", "type": "uint256" },
      { "internalType": "uint256", "name": "", "type": "uint256" },
      { "internalType": "uint256", "name": "", "type": "uint256" }
    ],
    "payable": false,
    "stateMutability": "view",
    "type": "function"
  },
  {
    "constant": true,
    "inputs": [{ "internalType": "address", "name": "userAddress", "type": "address" }],
    "name": "getUserReferralBonus",
    "outputs": [{ "internalType": "uint256", "name": "", "type": "uint256" }],
    "payable": false,
    "stateMutability": "view",
    "type": "function"
  },
  {
    "constant": true,
    "inputs": [{ "internalType": "address", "name": "userAddress", "type": "address" }],
    "name": "getUserReferralTotalBonus",
    "outputs": [{ "internalType": "uint256", "name": "", "type": "uint256" }],
    "payable": false,
    "stateMutability": "view",
    "type": "function"
  },
  {
    "constant": true,
    "inputs": [{ "internalType": "address", "name": "userAddress", "type": "address" }],
    "name": "getUserReferralWithdrawn",
    "outputs": [{ "internalType": "uint256", "name": "", "type": "uint256" }],
    "payable": false,
    "stateMutability": "view",
    "type": "function"
  },
  {
    "constant": true,
    "inputs": [{ "internalType": "address", "name": "userAddress", "type": "address" }],
    "name": "getUserReferrer",
    "outputs": [{ "internalType": "address", "name": "", "type": "address" }],
    "payable": false,
    "stateMutability": "view",
    "type": "function"
  },
  {
    "constant": true,
    "inputs": [{ "internalType": "address", "name": "userAddress", "type": "address" }],
    "name": "getUserTotalDeposits",
    "outputs": [{ "internalType": "uint256", "name": "amount", "type": "uint256" }],
    "payable": false,
    "stateMutability": "view",
    "type": "function"
  },
  {
    "constant": true,
    "inputs": [{ "internalType": "address", "name": "userAddress", "type": "address" }],
    "name": "getUserTotalPayout",
    "outputs": [{ "internalType": "uint256", "name": "", "type": "uint256" }],
    "payable": false,
    "stateMutability": "view",
    "type": "function"
  },
  {
    "constant": true,
    "inputs": [{ "internalType": "address", "name": "userAddress", "type": "address" }],
    "name": "getUserTotalRefDeposit",
    "outputs": [{ "internalType": "uint256", "name": "", "type": "uint256" }],
    "payable": false,
    "stateMutability": "view",
    "type": "function"
  },
  {
    "constant": false,
    "inputs": [
      { "internalType": "address payable", "name": "_addr", "type": "address" },
      { "internalType": "uint256", "name": "_amount", "type": "uint256" }
    ],
    "name": "handleForfeitedBalance",
    "outputs": [],
    "payable": false,
    "stateMutability": "nonpayable",
    "type": "function"
  },
  {
    "constant": false,
    "inputs": [
      { "internalType": "address payable", "name": "referrer", "type": "address" },
      { "internalType": "uint8", "name": "plan", "type": "uint8" },
      { "internalType": "uint256", "name": "_amount", "type": "uint256" }
    ],
    "name": "invest",
    "outputs": [],
    "payable": false,
    "stateMutability": "nonpayable",
    "type": "function"
  },
  {
    "constant": true,
    "inputs": [
      { "internalType": "address", "name": "userAddress", "type": "address" },
      { "internalType": "uint256", "name": "start", "type": "uint256" }
    ],
    "name": "isUnStake",
    "outputs": [{ "internalType": "bool", "name": "", "type": "bool" }],
    "payable": false,
    "stateMutability": "view",
    "type": "function"
  },
  {
    "constant": false,
    "inputs": [
      { "internalType": "address[]", "name": "newAdmins", "type": "address[]" },
      { "internalType": "address[]", "name": "removedAdmins", "type": "address[]" }
    ],
    "name": "modifyAdmins",
    "outputs": [],
    "payable": false,
    "stateMutability": "nonpayable",
    "type": "function"
  },
  {
    "constant": true,
    "inputs": [],
    "name": "owner",
    "outputs": [{ "internalType": "address payable", "name": "", "type": "address" }],
    "payable": false,
    "stateMutability": "view",
    "type": "function"
  },
  {
    "constant": false,
    "inputs": [{ "internalType": "address payable", "name": "_addr", "type": "address" }],
    "name": "setCommissionsWallet",
    "outputs": [],
    "payable": false,
    "stateMutability": "nonpayable",
    "type": "function"
  },
  {
    "constant": false,
    "inputs": [{ "internalType": "uint256", "name": "_fee", "type": "uint256" }],
    "name": "setFeeSystem",
    "outputs": [],
    "payable": false,
    "stateMutability": "nonpayable",
    "type": "function"
  },
  {
    "constant": false,
    "inputs": [{ "internalType": "address payable", "name": "_addr", "type": "address" }],
    "name": "setOwner",
    "outputs": [],
    "payable": false,
    "stateMutability": "nonpayable",
    "type": "function"
  },
  {
    "constant": false,
    "inputs": [{ "internalType": "uint256", "name": "_timeStep", "type": "uint256" }],
    "name": "setTime_Step",
    "outputs": [],
    "payable": false,
    "stateMutability": "nonpayable",
    "type": "function"
  },
  {
    "constant": true,
    "inputs": [],
    "name": "startUNIX",
    "outputs": [{ "internalType": "uint256", "name": "", "type": "uint256" }],
    "payable": false,
    "stateMutability": "view",
    "type": "function"
  },
  {
    "constant": true,
    "inputs": [],
    "name": "totalRefBonus",
    "outputs": [{ "internalType": "uint256", "name": "", "type": "uint256" }],
    "payable": false,
    "stateMutability": "view",
    "type": "function"
  },
  {
    "constant": true,
    "inputs": [],
    "name": "totalStakedAmount",
    "outputs": [{ "internalType": "uint256", "name": "", "type": "uint256" }],
    "payable": false,
    "stateMutability": "view",
    "type": "function"
  },
  {
    "constant": false,
    "inputs": [{ "internalType": "uint256", "name": "start", "type": "uint256" }],
    "name": "unStake",
    "outputs": [],
    "payable": false,
    "stateMutability": "nonpayable",
    "type": "function"
  },
  {
    "constant": false,
    "inputs": [],
    "name": "withdraw",
    "outputs": [],
    "payable": false,
    "stateMutability": "nonpayable",
    "type": "function"
  }
]
